{"counter":"Counter Section","plan":"Plan Section","feature":"Feature Section","calculation":"Calculation Section","howToGetProfit":"How To Get Profit Section","subscribe":"Subscribe Section","about":"About Section","callToAction":"Call To Action Section","transaction":"Latest Transaction Section","team":"Our Team Section","testimonial":"Testimonial Section","investor":"Investor Section","statistics":"Statistics Section","blog":"Blog Section","weAccept":"We Accept Section","faq":"FAQ Section","service":"Our Service Section"}