{"counter":"Counter Section","counter-dark":"Counter Section Dark Version","plan":"Plan Section","plan-dark":"Plan Section Dark Version","feature":"Feature Section","feature-dark":"Feature Section Dark Version","calculation":"Calculation Section","howToGetProfit":"How To Get Profit Section","howToGetProfit-dark":"How To Get Profit Section Dark Version","subscribe":"Subscribe Section","about":"About Section","about-dark":"About Section Dark Version","callToAction":"Call To Action Section","transaction":"Latest Transaction Section","transaction-dark":"Latest Transaction Section Dark Version","team":"Our Team Section","team-dark":"Our Team Section Dark Version","testimonial":"Testimonial Section","testimonial-dark":"Testimonial Section Dark Version","investor":"Investor Section","investor-dark":"Investor Section Dark Version","statistics":"Statistics Section","statistics-dark":"Statistics Section Dark Version","blog":"Blog Section","blog-dark":"Blog Section Dark Version","weAccept":"We Accept Section","weAccept-dark":"We Accept Section Dark Version","faq":"FAQ Section","faq-dark":"FAQ Section Dark Version","service":"Our Service Section","service-dark":"Our Service Section Dark Version"}